date,mean_sentiment,total_posts
2012-06-01,0.0,1
2013-05-09,0.0,1
2014-11-21,0.0,1
2014-12-10,0.0,1
2015-05-29,0.4404,1
2015-11-23,0.0,1
2016-03-23,-0.20763333333333334,3
2016-03-24,0.0,2
2016-03-27,0.0,1
2016-03-28,0.0,1
2016-03-29,0.0,1
2016-05-05,-0.5803,1
2016-05-18,0.0,1
2016-05-26,0.17,2
2016-06-20,0.0,1
2016-08-20,0.0,1
2016-08-22,0.11405,2
2016-08-23,0.21230000000000002,3
2016-08-25,0.35,4
2016-09-19,0.4767,1
2016-10-26,-0.3182,1
2016-11-02,0.5267,1
2016-11-04,0.0,1
2016-11-22,0.06743333333333333,3
2016-11-23,0.0,1
2016-11-28,0.0,1
2017-02-23,-0.4767,2
2017-02-24,0.1366,2
2017-02-27,0.0,1
2017-02-28,-0.2787,2
2017-03-01,0.0,1
2017-03-02,0.0,1
2017-03-09,0.5499,1
2017-03-23,-0.44035,2
2017-03-24,0.2202,2
2017-03-26,0.4019,1
2017-03-27,-0.4767,1
2017-05-05,0.6124,1
2017-05-12,0.0,1
2017-05-23,0.0,3
2017-05-24,0.45940000000000003,2
2017-05-25,0.23478333333333334,6
2017-05-26,0.26424000000000003,5
2017-06-07,0.0,1
2017-06-12,0.5994,1
2017-06-28,0.0,1
2017-08-03,0.0,1
2017-08-17,0.2202,2
2017-08-22,0.0,2
2017-08-24,0.0,3
2017-08-25,0.3902,2
2017-09-19,-0.8402,1
2017-10-31,0.0,1
2017-11-02,-0.4588,1
2017-11-07,0.0,1
2017-11-10,0.0,2
2017-11-17,0.0,1
2017-11-21,0.0,2
2017-12-08,0.23835,2
2017-12-09,0.4404,1
2017-12-23,0.0,1
2018-01-08,0.0,1
2018-02-22,-0.0258,1
2018-02-27,0.3612,1
2018-03-15,0.53215,2
2018-03-20,0.0,1
2018-03-28,0.0,2
2018-03-29,-0.25723333333333337,3
2018-05-09,0.25,1
2018-05-11,0.0,1
2018-05-18,0.0,1
2018-05-22,-0.4767,1
2018-05-24,0.0,1
2018-05-27,0.0,1
2018-05-31,0.0,1
2018-06-01,0.08643333333333332,3
2018-06-04,0.0,1
2018-06-11,0.0,2
2018-06-13,0.0,1
2018-06-14,0.0,1
2018-06-15,0.0,1
2018-06-16,0.0,1
2018-06-18,-0.18382500000000002,4
2018-06-19,0.34426666666666667,3
2018-06-20,0.5106,2
2018-06-21,0.0,1
2018-06-25,0.0,1
2018-06-27,0.0,1
2018-08-04,0.0,1
2018-08-09,0.7003,1
2018-08-21,0.6553,1
2018-08-22,-0.12040000000000001,3
2018-08-30,0.0,1
2018-08-31,0.0,1
2018-09-04,0.0,2
2018-09-05,-0.13824999999999998,6
2018-09-06,0.11474545454545454,11
2018-09-07,0.0,2
2018-09-17,0.5106,1
2018-09-26,0.7003,1
2018-09-30,0.0,2
2018-10-05,0.0,1
2018-11-14,0.0,1
2018-11-16,-0.5574,1
2018-11-18,0.0,1
2018-11-20,0.0,1
2018-11-29,0.0,2
2018-11-30,-0.2294,2
2018-12-05,0.2155,2
2018-12-24,-0.6115,1
2018-12-28,0.4215,1
2019-01-01,0.5719,1
2019-01-04,0.0,1
2019-01-29,0.0,1
2019-01-30,0.4404,1
2019-02-05,0.0,1
2019-02-06,0.0,1
2019-02-18,0.0,1
2019-02-27,-0.6486,1
2019-03-01,0.0516,1
2019-03-08,0.296,1
2019-03-18,0.0,1
2019-03-20,-0.0726,2
2019-03-21,0.0,1
2019-03-24,0.0,1
2019-03-27,0.34,1
2019-03-30,-0.3818,1
2019-03-31,0.0,1
2019-04-01,0.0,2
2019-04-02,0.08808,5
2019-04-03,0.21075,2
2019-04-04,0.0,1
2019-04-08,0.7506,1
2019-04-09,0.0,2
2019-04-13,0.0,1
2019-04-15,0.6249,1
2019-04-16,0.3612,1
2019-04-17,0.0,1
2019-04-18,0.0,1
2019-04-22,0.0,1
2019-04-23,-0.6924,1
2019-05-21,0.4019,1
2019-05-22,0.0,1
2019-06-01,-0.3182,1
2019-06-04,0.07153333333333335,3
2019-06-05,-0.084,16
2019-06-06,0.25156666666666666,9
2019-06-07,-0.32793333333333335,3
2019-06-08,0.42460000000000003,3
2019-06-10,0.0,1
2019-06-11,0.04003333333333333,3
2019-06-17,-0.025249999999999995,2
2019-06-18,0.2023,1
2019-07-10,0.7256,1
2019-07-14,-0.148,2
2019-07-15,0.2202,2
2019-07-16,0.0,1
2019-07-17,0.0,1
2019-07-18,0.16160000000000002,3
2019-07-19,0.17,2
2019-07-23,0.0,1
2019-08-01,0.2263,1
2019-08-05,0.2263,1
2019-08-11,0.133,8
2019-08-12,0.36617500000000003,4
2019-08-14,0.0,1
2019-08-15,0.0,1
2019-08-21,0.150925,4
2019-08-22,0.04857142857142858,7
2019-08-25,0.4215,1
2019-08-27,0.0,1
2019-08-28,0.2732,1
2019-08-29,0.031233333333333325,3
2019-08-30,0.0,1
2019-08-31,0.0,1
2019-09-05,0.0,1
2019-09-06,0.0,3
2019-09-07,-0.0772,1
2019-09-08,0.1858,3
2019-09-09,-0.027675000000000005,8
2019-09-10,0.015077777777777782,9
2019-09-11,-0.18436666666666668,9
2019-09-12,0.10695,4
2019-09-13,-0.1027,1
2019-09-18,0.0,1
2019-09-23,-0.2046,2
2019-09-24,0.0,2
2019-09-25,0.0,1
2019-10-01,0.4278,1
2019-10-06,0.0,1
2019-10-07,0.3559,2
2019-10-08,0.0,1
2019-10-15,0.0,2
2019-10-18,0.0,1
2019-10-28,0.0,1
2019-11-01,0.4278,1
2019-11-05,0.0,1
2019-11-15,0.5106,1
2019-11-24,-0.1591,2
2019-11-26,0.03753333333333334,3
2019-11-29,0.4278,1
2019-12-02,0.0,1
2019-12-03,0.0,1
2019-12-06,0.0,1
2019-12-07,0.0,2
2019-12-08,0.4995,1
2019-12-09,0.0,1
2019-12-10,-0.08998333333333335,12
2019-12-11,0.0,7
2019-12-12,0.16423333333333334,3
2019-12-15,-0.3164,1
2019-12-27,-0.3818,1
2019-12-31,0.4278,1
2020-01-01,0.4278,1
2020-01-06,0.0,1
2020-01-09,0.0,1
2020-01-13,-0.21485,2
2020-01-14,-0.025900000000000034,2
2020-01-15,0.6739,1
2020-01-17,-0.2732,1
2020-01-18,0.5994,1
2020-01-19,0.0,1
2020-01-21,0.0,1
2020-01-23,0.7845,1
2020-01-24,0.0077625000000000055,8
2020-01-25,0.0,1
2020-01-26,0.0,1
2020-01-27,0.0,2
2020-01-28,0.0,1
2020-01-30,0.3818,1
2020-02-01,0.4278,1
2020-02-04,0.3204,2
2020-02-06,-0.09866666666666667,3
2020-02-07,0.0,1
2020-02-09,0.25,1
2020-02-10,0.0,1
2020-02-12,0.0,1
2020-02-13,0.4404,1
2020-02-14,0.0,1
2020-02-15,0.0,1
2020-02-18,0.0,2
2020-02-19,0.0,1
2020-02-20,0.0,1
2020-02-21,0.0,1
2020-02-22,0.0,1
2020-02-23,0.0,1
2020-02-26,0.034225000000000005,4
2020-02-27,-0.46645000000000003,2
2020-02-29,0.4278,1
2020-03-01,0.0,1
2020-03-02,0.4404,1
2020-03-09,0.19729999999999998,5
2020-03-10,0.13396666666666665,3
2020-03-11,0.22666666666666668,3
2020-03-12,-0.0193,4
2020-03-13,0.021733333333333344,3
2020-03-16,0.11333333333333334,3
2020-03-17,0.027533333333333337,3
2020-03-18,0.008919999999999994,5
2020-03-19,0.013080000000000003,5
2020-03-20,-0.06574545454545455,11
2020-03-21,-0.04515,8
2020-03-22,-0.0677875,8
2020-03-23,0.0,2
2020-03-24,0.0,1
2020-03-25,0.0,3
2020-03-26,-0.17476666666666665,6
2020-03-27,0.07646666666666667,6
2020-03-28,0.07955,4
2020-03-29,0.5994,1
2020-03-30,-0.3412,1
2020-03-31,0.019799999999999984,2
2020-04-01,-0.1027,1
2020-04-02,-0.2732,1
2020-04-03,0.24806666666666669,3
2020-04-04,-0.22705,2
2020-04-05,0.0,1
2020-04-06,0.16485,4
2020-04-07,0.0772,1
2020-04-08,-0.5719,1
2020-04-09,-0.10846,5
2020-04-13,0.17556666666666665,3
2020-04-14,0.050412500000000006,16
2020-04-15,0.0,4
2020-04-16,-0.28595,2
2020-04-17,0.0454,6
2020-04-19,0.0,1
2020-04-21,0.0,1
2020-04-22,0.34145000000000003,6
2020-04-23,0.11333333333333334,3
2020-04-24,0.0,1
2020-04-27,-0.1702,4
2020-04-28,0.5679333333333333,3
2020-04-29,-0.11673333333333331,3
2020-04-30,0.3128,3
2020-05-03,0.12040000000000001,3
2020-05-05,-0.2732,1
2020-05-07,0.0,1
2020-05-08,-0.296,1
2020-05-12,-0.4767,1
2020-05-18,0.0,1
2020-05-20,0.0,1
2020-05-21,-0.8316,1
2020-05-27,0.0,1
2020-05-30,0.6289,1
2020-05-31,0.4278,1
2020-06-01,0.0,1
2020-06-02,0.0,1
2020-06-04,0.886,1
2020-06-05,0.17375000000000002,4
2020-06-06,0.3089,1
2020-06-07,0.3089,1
2020-06-08,0.0,7
2020-06-09,0.26627142857142855,7
2020-06-10,0.03253125,16
2020-06-11,-0.4730666666666667,6
2020-06-13,0.0,1
2020-06-16,-0.2263,1
2020-06-17,0.0,1
2020-06-18,0.0,2
2020-06-22,0.0,1
2020-07-01,0.4278,1
2020-07-03,0.0,1
2020-07-07,0.1779,1
2020-07-12,-0.5859,1
2020-07-15,0.0,2
2020-07-21,0.0,1
2020-07-30,0.030149999999999982,2
2020-08-01,0.4278,1
2020-08-04,0.12497142857142858,7
2020-08-05,0.3875,2
2020-08-12,0.0,2
2020-08-19,0.0,1
2020-08-21,0.0,4
2020-08-24,0.0,1
2020-08-28,0.342025,4
2020-08-31,0.16568571428571427,7
2020-09-01,0.20327,10
2020-09-02,0.2256166666666667,6
2020-09-03,0.10014285714285716,7
2020-09-04,0.10695,4
2020-09-05,0.1366,2
2020-09-06,0.11865,2
2020-09-08,0.01335555555555556,9
2020-09-09,0.01575555555555556,9
2020-09-10,-0.146475,4
2020-09-13,0.0,2
2020-09-14,0.1953,3
2020-09-15,-0.2233,2
2020-09-16,-0.043649999999999994,8
2020-09-17,0.03527857142857143,14
2020-09-18,0.07675555555555555,9
2020-09-19,0.0,1
2020-09-20,0.0,4
2020-09-21,0.012575000000000003,4
2020-09-22,-0.046272727272727285,11
2020-09-23,-0.027039999999999998,5
2020-09-24,0.08333333333333333,3
2020-09-25,0.05838333333333332,12
2020-09-27,-0.26335,2
2020-09-28,0.0,3
2020-09-29,0.125,2
2020-09-30,0.4278,1
2020-10-01,0.0,3
2020-10-02,-0.5423,1
2020-10-03,-0.0772,1
2020-10-04,0.0,1
2020-10-05,-0.0070666666666666655,3
2020-10-06,0.0,1
2020-10-07,0.4588,1
2020-10-08,0.030914583333333332,48
2020-10-09,0.05605901639344262,61
2020-10-10,0.017570588235294126,17
2020-10-11,0.09024444444444445,18
2020-10-12,0.174175,16
2020-10-13,-0.0881,14
2020-10-14,0.20525714285714286,7
2020-10-15,0.07423846153846153,39
2020-10-16,0.11807142857142858,28
2020-10-17,0.0,4
2020-10-18,0.27086666666666664,6
2020-10-19,0.19091111111111111,9
2020-10-20,-0.09991428571428572,7
2020-10-21,0.1637111111111111,9
2020-10-22,0.1681,16
2020-10-23,-0.11620833333333332,12
2020-10-24,0.12600000000000003,7
2020-10-25,0.19956875000000002,16
2020-10-26,0.17713333333333334,15
2020-10-27,0.022553125,32
2020-10-28,0.22865238095238097,21
2020-10-29,-0.02710434782608696,23
2020-10-30,0.10020666666666668,15
2020-10-31,0.00645,4
2020-11-02,0.13971666666666668,6
2020-11-03,0.062483333333333335,6
2020-11-04,-0.01046666666666666,6
2020-11-06,0.0,1
2020-11-07,0.0,5
2020-11-08,0.0,1
2020-11-09,0.02799999999999999,10
2020-11-10,0.04958333333333333,6
2020-11-11,-0.019671428571428572,7
2020-11-12,-0.06012222222222222,9
2020-11-14,0.068,5
2020-11-15,-0.28185000000000004,4
2020-11-16,0.02022307692307692,13
2020-11-17,0.05417999999999999,5
2020-11-18,-0.1858,3
2020-11-19,0.19998333333333332,6
2020-11-20,0.001669230769230769,13
2020-11-21,0.0593,3
2020-11-22,-0.24697777777777777,9
2020-11-23,0.18570000000000003,5
2020-11-24,0.08776666666666667,9
2020-11-25,0.02156875,16
2020-11-26,0.0004928571428571481,14
2020-11-27,0.09623333333333332,45
2020-11-28,0.08565319148936171,47
2020-11-29,0.014355555555555559,72
2020-11-30,0.10328538011695906,171
2020-12-01,0.01582234042553192,94
2020-12-02,9.019607843137785e-05,51
2020-12-03,-0.013296296296296297,27
2020-12-04,0.01572,40
2020-12-05,0.024600000000000004,23
2020-12-06,-0.06511176470588236,17
2020-12-07,-0.055648387096774186,31
2020-12-08,0.004038983050847459,59
2020-12-09,0.022233333333333334,69
2020-12-10,0.09070952380952381,21
2020-12-11,0.09851904761904763,21
2020-12-12,-0.006128571428571428,7
2020-12-13,-0.25823999999999997,10
2020-12-14,0.019195652173913044,23
2020-12-15,0.02238695652173913,23
2020-12-16,0.07416874999999999,16
2020-12-17,0.019094736842105258,19
2020-12-18,0.14546842105263158,19
2020-12-19,-0.051853846153846146,13
2020-12-20,-0.10277,10
2020-12-21,0.025566666666666665,27
2020-12-22,0.09683506493506494,77
2020-12-23,0.07761495327102803,107
2020-12-24,-0.04709642857142858,56
2020-12-25,0.04096,20
2020-12-26,0.12522413793103448,29
2020-12-27,0.03752857142857143,42
2020-12-28,0.01734675324675325,77
2020-12-29,-0.0029365853658536627,82
2020-12-30,-0.029251470588235295,68
2020-12-31,0.11052293577981652,109
2021-01-01,0.021191111111111112,45
2021-01-02,0.02090425531914894,47
2021-01-03,-0.0448,26
2021-01-04,0.06283289473684212,76
2021-01-05,0.12428333333333333,60
2021-01-06,0.12455306122448978,49
2021-01-07,0.033893548387096774,31
2021-01-08,0.12285454545454547,55
2021-01-09,0.1084,33
2021-01-10,0.102275,36
2021-01-11,0.07636132075471698,106
2021-01-12,0.070948,50
2021-01-13,0.09474786641929499,539
2021-01-14,0.08962777777777778,630
2021-01-15,0.05665247093023256,688
2021-01-16,0.07678415094339622,265
2021-01-17,0.03877448979591837,196
2021-01-18,0.06544081632653062,343
2021-01-19,0.06545192629815746,597
2021-01-20,0.07819352051835854,463
2021-01-21,0.03670540037243948,537
2021-01-22,0.07701250903832249,1383
2021-01-23,0.06135637065637066,777
2021-01-24,0.0883334323922734,673
2021-01-25,0.046623414806942966,2823
2021-01-26,0.05069371693121693,1512
2021-01-27,0.059839506827522204,7543
2021-01-28,0.005422541149033503,22297
2021-01-29,0.05481354670350756,13029
2021-01-30,0.08187013713965854,7146
2021-01-31,0.07850288685395003,6443
2021-02-01,0.04731537317594572,10759
2021-02-02,0.016901497576177288,11552
2021-02-03,0.07503459580533497,4911
2021-02-04,0.04601119579500657,3805
2021-02-07,0.043726315789473676,19
2021-02-08,0.0675833082706767,665
2021-02-09,0.06719320905459387,751
2021-02-10,0.07529641319942611,697
2021-02-11,0.056279785809906294,747
2021-02-12,0.04893783783783784,555
2021-02-13,0.0420993883792049,327
2021-02-14,0.06815662100456621,219
2021-02-15,0.0330454128440367,218
2021-02-16,-0.019677999999999998,100
